{
  "1": {
    "broll_1": 0.26493763492706873,
    "broll_2": 0.3528264050663959,
    "broll_3": 0.3365387657996883,
    "broll_4": 0.25158009977753254,
    "broll_5": 0.25471168754210755,
    "broll_6": 0.24885063633909582
  },
  "2": {
    "broll_1": 0.20076650599357554,
    "broll_2": 0.23995465645818584,
    "broll_3": 0.2414257035800738,
    "broll_4": 0.18114628397932578,
    "broll_5": 0.15752251929642594,
    "broll_6": 0.248129889739481
  },
  "3": {
    "broll_1": 0.24419976960176007,
    "broll_2": 0.27764271635524534,
    "broll_3": 0.2685942730632492,
    "broll_4": 0.18378823332771563,
    "broll_5": 0.19421416355810459,
    "broll_6": 0.15012664710134369
  },
  "4": {
    "broll_1": 0.21478292361388335,
    "broll_2": 0.27238506647916244,
    "broll_3": 0.2223819567245675,
    "broll_4": 0.15699802774704774,
    "broll_5": 0.12245712083815936,
    "broll_6": 0.18617569957804792
  },
  "5": {
    "broll_1": 0.16450707202647272,
    "broll_2": 0.20890760271476536,
    "broll_3": 0.39632569623543595,
    "broll_4": 0.23645775674829445,
    "broll_5": 0.2040813325546713,
    "broll_6": 0.1465794519721965
  },
  "6": {
    "broll_1": 0.16516818238107334,
    "broll_2": 0.19327164513159825,
    "broll_3": 0.32164444562330186,
    "broll_4": 0.3790490915394886,
    "broll_5": 0.24585296627024544,
    "broll_6": 0.19065278892352758
  },
  "7": {
    "broll_1": -0.02396326060347474,
    "broll_2": 0.019264199132448055,
    "broll_3": 0.12960620692436983,
    "broll_4": 0.28274571654859354,
    "broll_5": 0.1050758491207402,
    "broll_6": 0.09792034437434544
  },
  "8": {
    "broll_1": 0.17865338522173627,
    "broll_2": 0.18850000199946557,
    "broll_3": 0.17607067398845552,
    "broll_4": 0.20611564572809926,
    "broll_5": 0.2228890297983958,
    "broll_6": 0.24525888941080948
  },
  "9": {
    "broll_1": 0.06999473326972257,
    "broll_2": 0.18100747740059042,
    "broll_3": 0.25478886978827137,
    "broll_4": 0.14148216235656785,
    "broll_5": 0.0504657441850154,
    "broll_6": 0.1788713620706668
  },
  "10": {
    "broll_1": -0.009110457245373996,
    "broll_2": 0.09928802648944514,
    "broll_3": 0.11724881455419371,
    "broll_4": 0.12755537280461088,
    "broll_5": 0.07129532754661244,
    "broll_6": 0.14566381944220186
  }
}